WKT,unnamed (1),unnamed (2),unnamed (3),unnamed (4)
,,PHT,LINTANG ,BUJUR
"POINT (102.27462131433879 -2.0437901228814543)",BNGKO - SPNUH #0001,TOWER SUTT 150kV BNGKO - SPNUH #0001,-2.0437901228814543,102.27462131433879
"POINT (102.274210875 -2.043855602500147)",BNGKO - SPNUH #0002,TOWER SUTT 150kV BNGKO - SPNUH #0002,-2.043855602500147,102.274210875
"POINT (102.27133388166655 -2.044879303333341)",BNGKO - SPNUH #0003,TOWER SUTT 150kV BNGKO - SPNUH #0003,-2.044879303333341,102.27133388166655
"POINT (102.26953029249995 -2.048751110000099)",BNGKO - SPNUH #0004,TOWER SUTT 150kV BNGKO - SPNUH #0004,-2.048751110000099,102.26953029249995
"POINT (102.26698930125012 -2.0502867462500878)",BNGKO - SPNUH #0005,TOWER SUTT 150kV BNGKO - SPNUH #0005,-2.0502867462500878,102.26698930125012
"POINT (102.26540170285716 -2.0513406942857255)",BNGKO - SPNUH #0006,TOWER SUTT 150kV BNGKO - SPNUH #0006,-2.0513406942857255,102.26540170285716
"POINT (102.26436202750017 -2.0542225112501864)",BNGKO - SPNUH #0007,TOWER SUTT 150kV BNGKO - SPNUH #0007,-2.0542225112501864,102.26436202750017
"POINT (102.26367285571428 -2.05751549142859)",BNGKO - SPNUH #0008,TOWER SUTT 150kV BNGKO - SPNUH #0008,-2.05751549142859,102.26367285571428
"POINT (102.26304889477773 -2.0596242519696677)",BNGKO - SPNUH #0009,TOWER SUTT 150kV BNGKO - SPNUH #0009,-2.0596242519696677,102.26304889477773
"POINT (102.26201628018967 -2.063298446559252)",BNGKO - SPNUH #0010,TOWER SUTT 150kV BNGKO - SPNUH #0010,-2.063298446559252,102.26201628018967
"POINT (102.26122432221673 -2.0660648351710535)",BNGKO - SPNUH #0011,TOWER SUTT 150kV BNGKO - SPNUH #0011,-2.0660648351710535,102.26122432221673
"POINT (102.25840625070943 -2.067380514730599)",BNGKO - SPNUH #0012,TOWER SUTT 150kV BNGKO - SPNUH #0012,-2.067380514730599,102.25840625070943
"POINT (102.2552678640931 -2.068787626922188)",BNGKO - SPNUH #0013,TOWER SUTT 150kV BNGKO - SPNUH #0013,-2.068787626922188,102.2552678640931
"POINT (102.25368420593448 -2.0694823842495915)",BNGKO - SPNUH #0014,TOWER SUTT 150kV BNGKO - SPNUH #0014,-2.0694823842495915,102.25368420593448
"POINT (102.25139212301164 -2.0705688221762224)",BNGKO - SPNUH #0015,TOWER SUTT 150kV BNGKO - SPNUH #0015,-2.0705688221762224,102.25139212301164
"POINT (102.24831045605256 -2.07204123958952)",BNGKO - SPNUH #0016,TOWER SUTT 150kV BNGKO - SPNUH #0016,-2.07204123958952,102.24831045605256
"POINT (102.24529128663399 -2.0727713134532184)",BNGKO - SPNUH #0017,TOWER SUTT 150kV BNGKO - SPNUH #0017,-2.0727713134532184,102.24529128663399
"POINT (102.24378831414847 -2.0750984831569372)",BNGKO - SPNUH #0018,TOWER SUTT 150kV BNGKO - SPNUH #0018,-2.0750984831569372,102.24378831414847
"POINT (102.24263893189871 -2.0771855633443566)",BNGKO - SPNUH #0019,TOWER SUTT 150kV BNGKO - SPNUH #0019,-2.0771855633443566,102.24263893189871
"POINT (102.2410588618368 -2.080027689225995)",BNGKO - SPNUH #0020,TOWER SUTT 150kV BNGKO - SPNUH #0020,-2.080027689225995,102.2410588618368
"POINT (102.23974387231316 -2.0822938349219138)",BNGKO - SPNUH #0021,TOWER SUTT 150kV BNGKO - SPNUH #0021,-2.0822938349219138,102.23974387231316
"POINT (102.23881836980573 -2.0841409778223414)",BNGKO - SPNUH #0022,TOWER SUTT 150kV BNGKO - SPNUH #0022,-2.0841409778223414,102.23881836980573
"POINT (102.23719650879504 -2.0868325466290165)",BNGKO - SPNUH #0023,TOWER SUTT 150kV BNGKO - SPNUH #0023,-2.0868325466290165,102.23719650879504
"POINT (102.2360122669489 -2.0892495056615155)",BNGKO - SPNUH #0024,TOWER SUTT 150kV BNGKO - SPNUH #0024,-2.0892495056615155,102.2360122669489
"POINT (102.23460108570828 -2.091629974676736)",BNGKO - SPNUH #0025,TOWER SUTT 150kV BNGKO - SPNUH #0025,-2.091629974676736,102.23460108570828
"POINT (102.23330399072499 -2.0937889576153803)",BNGKO - SPNUH #0026,TOWER SUTT 150kV BNGKO - SPNUH #0026,-2.0937889576153803,102.23330399072499
"POINT (102.23194342106575 -2.0962928328663337)",BNGKO - SPNUH #0027,TOWER SUTT 150kV BNGKO - SPNUH #0027,-2.0962928328663337,102.23194342106575
"POINT (102.22792174161285 -2.09833735005971)",BNGKO - SPNUH #0028,TOWER SUTT 150kV BNGKO - SPNUH #0028,-2.09833735005971,102.22792174161285
"POINT (102.22582888612992 -2.0994104434148744)",BNGKO - SPNUH #0029,TOWER SUTT 150kV BNGKO - SPNUH #0029,-2.0994104434148744,102.22582888612992
"POINT (102.22210848856609 -2.1018535590897884)",BNGKO - SPNUH #0030,TOWER SUTT 150kV BNGKO - SPNUH #0030,-2.1018535590897884,102.22210848856609
"POINT (102.21919766999781 -2.10387963987887)",BNGKO - SPNUH #0031,TOWER SUTT 150kV BNGKO - SPNUH #0031,-2.10387963987887,102.21919766999781
"POINT (102.21767755429399 -2.104907883331247)",BNGKO - SPNUH #0032,TOWER SUTT 150kV BNGKO - SPNUH #0032,-2.104907883331247,102.21767755429398
"POINT (102.21509376135937 -2.1067989653025863)",BNGKO - SPNUH #0033,TOWER SUTT 150kV BNGKO - SPNUH #0033,-2.1067989653025863,102.21509376135937
"POINT (102.21376801064852 -2.107728512724895)",BNGKO - SPNUH #0034,TOWER SUTT 150kV BNGKO - SPNUH #0034,-2.107728512724895,102.21376801064852
"POINT (102.211328483653 -2.1093747546057076)",BNGKO - SPNUH #0035,TOWER SUTT 150kV BNGKO - SPNUH #0035,-2.1093747546057076,102.211328483653
"POINT (102.20912903049103 -2.111028161310028)",BNGKO - SPNUH #0036,TOWER SUTT 150kV BNGKO - SPNUH #0036,-2.111028161310028,102.20912903049103
"POINT (102.20715510411264 -2.112287685892382)",BNGKO - SPNUH #0037,TOWER SUTT 150kV BNGKO - SPNUH #0037,-2.112287685892382,102.20715510411264
"POINT (102.20533978327052 -2.11350978684754)",BNGKO - SPNUH #0038,TOWER SUTT 150kV BNGKO - SPNUH #0038,-2.11350978684754,102.20533978327052
"POINT (102.2033463092521 -2.114815908134941)",BNGKO - SPNUH #0039,TOWER SUTT 150kV BNGKO - SPNUH #0039,-2.114815908134941,102.2033463092521
"POINT (102.20188708277439 -2.1167682000670345)",BNGKO - SPNUH #0040,TOWER SUTT 150kV BNGKO - SPNUH #0040,-2.1167682000670345,102.20188708277439
"POINT (102.20006785140521 -2.1189091413014736)",BNGKO - SPNUH #0041,TOWER SUTT 150kV BNGKO - SPNUH #0041,-2.1189091413014736,102.20006785140521
"POINT (102.198158 -2.121261)",BNGKO - SPNUH #0042,TOWER SUTT 150kV BNGKO - SPNUH #0042,-2.121261,102.198158
"POINT (102.19671928491425 -2.123157869669237)",BNGKO - SPNUH #0043,TOWER SUTT 150kV BNGKO - SPNUH #0043,-2.123157869669237,102.19671928491425
"POINT (102.19442733365075 -2.1236778702493964)",BNGKO - SPNUH #0044,TOWER SUTT 150kV BNGKO - SPNUH #0044,-2.1236778702493964,102.19442733365075
"POINT (102.19211673364045 -2.124168793670839)",BNGKO - SPNUH #0045,TOWER SUTT 150kV BNGKO - SPNUH #0045,-2.124168793670839,102.19211673364045
"POINT (102.1890353892994 -2.1247989154293965)",BNGKO - SPNUH #0046,TOWER SUTT 150kV BNGKO - SPNUH #0046,-2.1247989154293965,102.1890353892994
"POINT (102.18612359863012 -2.125493358722567)",BNGKO - SPNUH #0047,TOWER SUTT 150kV BNGKO - SPNUH #0047,-2.125493358722567,102.18612359863012
"POINT (102.18312450684613 -2.12617014069115)",BNGKO - SPNUH #0048,TOWER SUTT 150kV BNGKO - SPNUH #0048,-2.12617014069115,102.18312450684613
"POINT (102.18058679715598 -2.126716358268282)",BNGKO - SPNUH #0049,TOWER SUTT 150kV BNGKO - SPNUH #0049,-2.126716358268282,102.18058679715598
"POINT (102.17807185210339 -2.127217762396804)",BNGKO - SPNUH #0050,TOWER SUTT 150kV BNGKO - SPNUH #0050,-2.127217762396804,102.17807185210339
"POINT (102.17562756501127 -2.12784094037502)",BNGKO - SPNUH #0051,TOWER SUTT 150kV BNGKO - SPNUH #0051,-2.12784094037502,102.17562756501127
"POINT (102.17235007808844 -2.1284934326402736)",BNGKO - SPNUH #0052,TOWER SUTT 150kV BNGKO - SPNUH #0052,-2.1284934326402736,102.17235007808844
"POINT (102.16950962920603 -2.129074996169074)",BNGKO - SPNUH #0053,TOWER SUTT 150kV BNGKO - SPNUH #0053,-2.129074996169074,102.16950962920603
"POINT (102.16695611947215 -2.129397852695643)",BNGKO - SPNUH #0054,TOWER SUTT 150kV BNGKO - SPNUH #0054,-2.129397852695643,102.16695611947215
"POINT (102.1645717180497 -2.1300514343437227)",BNGKO - SPNUH #0055,TOWER SUTT 150kV BNGKO - SPNUH #0055,-2.1300514343437227,102.1645717180497
"POINT (102.16205708666662 -2.1301623744445197)",BNGKO - SPNUH #0056,TOWER SUTT 150kV BNGKO - SPNUH #0056,-2.1301623744445197,102.16205708666662
"POINT (102.158493520692 -2.13070909027011)",BNGKO - SPNUH #0057,TOWER SUTT 150kV BNGKO - SPNUH #0057,-2.13070909027011,102.158493520692
"POINT (102.1560013666749 -2.130920144263669)",BNGKO - SPNUH #0058,TOWER SUTT 150kV BNGKO - SPNUH #0058,-2.130920144263669,102.1560013666749
"POINT (102.15348151799985 -2.131227998000077)",BNGKO - SPNUH #0059,TOWER SUTT 150kV BNGKO - SPNUH #0059,-2.131227998000077,102.15348151799985
"POINT (102.15079434000008 -2.1312133725000066)",BNGKO - SPNUH #0060,TOWER SUTT 150kV BNGKO - SPNUH #0060,-2.1312133725000066,102.15079434000008
"POINT (102.14786616011791 -2.1320340458615963)",BNGKO - SPNUH #0061,TOWER SUTT 150kV BNGKO - SPNUH #0061,-2.1320340458615963,102.147866160117915
"POINT (102.14533104631943 -2.1329358363732913)",BNGKO - SPNUH #0062,TOWER SUTT 150kV BNGKO - SPNUH #0062,-2.1329358363732913,102.14533104631943
"POINT (102.14359064185287 -2.1335818343029365)",BNGKO - SPNUH #0063,TOWER SUTT 150kV BNGKO - SPNUH #0063,-2.1335818343029365,102.14359064185287
"POINT (102.140817 -2.134329)",BNGKO - SPNUH #0064,TOWER SUTT 150kV BNGKO - SPNUH #0064,-2.134329,102.140817
"POINT (102.13798760203638 -2.1353193215328283)",BNGKO - SPNUH #0065,TOWER SUTT 150kV BNGKO - SPNUH #0065,-2.1353193215328283,102.13798760203638
"POINT (102.13639685884122 -2.1359944669529876)",BNGKO - SPNUH #0066,TOWER SUTT 150kV BNGKO - SPNUH #0066,-2.1359944669529876,102.13639685884122
"POINT (102.13301928762026 -2.1371278648789755)",BNGKO - SPNUH #0067,TOWER SUTT 150kV BNGKO - SPNUH #0067,-2.1371278648789755,102.13301928762026
"POINT (102.12950439103577 -2.138406623420683)",BNGKO - SPNUH #0068,TOWER SUTT 150kV BNGKO - SPNUH #0068,-2.138406623420683,102.12950439103577
"POINT (102.12662209195116 -2.1393393461883283)",BNGKO - SPNUH #0069,TOWER SUTT 150kV BNGKO - SPNUH #0069,-2.1393393461883283,102.12662209195116
"POINT (102.12398912175554 -2.1403385518351974)",BNGKO - SPNUH #0070,TOWER SUTT 150kV BNGKO - SPNUH #0070,-2.1403385518351974,102.12398912175554
"POINT (102.12112623034044 -2.139957803883598)",BNGKO - SPNUH #0071,TOWER SUTT 150kV BNGKO - SPNUH #0071,-2.139957803883598,102.12112623034044
"POINT (102.11884645390735 -2.1396922290916494)",BNGKO - SPNUH #0072,TOWER SUTT 150kV BNGKO - SPNUH #0072,-2.1396922290916494,102.11884645390735
"POINT (102.11682395211287 -2.139591581132123)",BNGKO - SPNUH #0073,TOWER SUTT 150kV BNGKO - SPNUH #0073,-2.1395915811321229,102.11682395211287
"POINT (102.11371460929516 -2.141228895634439)",BNGKO - SPNUH #0074,TOWER SUTT 150kV BNGKO - SPNUH #0074,-2.141228895634439,102.11371460929516
"POINT (102.11133092365094 -2.142369989248891)",BNGKO - SPNUH #0075,TOWER SUTT 150kV BNGKO - SPNUH #0075,-2.1423699892488913,102.11133092365094
"POINT (102.10879546688697 -2.1437924088455365)",BNGKO - SPNUH #0076,TOWER SUTT 150kV BNGKO - SPNUH #0076,-2.1437924088455365,102.10879546688697
"POINT (102.10579533129929 -2.145367748370133)",BNGKO - SPNUH #0077,TOWER SUTT 150kV BNGKO - SPNUH #0077,-2.145367748370133,102.10579533129929
"POINT (102.102603 -2.147203)",BNGKO - SPNUH #0078,TOWER SUTT 150kV BNGKO - SPNUH #0078,-2.147203,102.102603
"POINT (102.10104410777407 -2.1484308444693836)",BNGKO - SPNUH #0079,TOWER SUTT 150kV BNGKO - SPNUH #0079,-2.1484308444693836,102.10104410777407
"POINT (102.098396 -2.150764)",BNGKO - SPNUH #0080,TOWER SUTT 150kV BNGKO - SPNUH #0080,-2.150764,102.098396
"POINT (102.0949298110805 -2.1521117322792813)",BNGKO - SPNUH #0081,TOWER SUTT 150kV BNGKO - SPNUH #0081,-2.1521117322792813,102.094929811080507
"POINT (102.091874 -2.15333)",BNGKO - SPNUH #0082,TOWER SUTT 150kV BNGKO - SPNUH #0082,-2.15333,102.091874
"POINT (102.08969002371992 -2.154053070779464)",BNGKO - SPNUH #0083,TOWER SUTT 150kV BNGKO - SPNUH #0083,-2.154053070779464,102.08969002371992
"POINT (102.087322 -2.155073)",BNGKO - SPNUH #0084,TOWER SUTT 150kV BNGKO - SPNUH #0084,-2.155073,102.087322
"POINT (102.0845675014425 -2.155463978997434)",BNGKO - SPNUH #0085,TOWER SUTT 150kV BNGKO - SPNUH #0085,-2.155463978997434,102.0845675014425
"POINT (102.07995102740828 -2.1563338581472755)",BNGKO - SPNUH #0086,TOWER SUTT 150kV BNGKO - SPNUH #0086,-2.1563338581472755,102.07995102740828
"POINT (102.077 -2.15702)",BNGKO - SPNUH #0087,TOWER SUTT 150kV BNGKO - SPNUH #0087,-2.15702,102.077
"POINT (102.07414 -2.157589)",BNGKO - SPNUH #0088,TOWER SUTT 150kV BNGKO - SPNUH #0088,-2.157589,102.07414
"POINT (102.07099300633166 -2.158264400697061)",BNGKO - SPNUH #0089,TOWER SUTT 150kV BNGKO - SPNUH #0089,-2.158264400697061,102.07099300633166
"POINT (102.067 -2.15863)",BNGKO - SPNUH #0090,TOWER SUTT 150kV BNGKO - SPNUH #0090,-2.15863,102.067
"POINT (102.06497999492214 -2.1571503993716656)",BNGKO - SPNUH #0091,TOWER SUTT 150kV BNGKO - SPNUH #0091,-2.1571503993716656,102.06497999492214
"POINT (102.06272865009703 -2.1556382206685947)",BNGKO - SPNUH #0092,TOWER SUTT 150kV BNGKO - SPNUH #0092,-2.1556382206685947,102.06272865009703
"POINT (102.06068352549529 -2.1543301872804537)",BNGKO - SPNUH #0093,TOWER SUTT 150kV BNGKO - SPNUH #0093,-2.1543301872804537,102.06068352549529
"POINT (102.05898455759186 -2.1532434673739598)",BNGKO - SPNUH #0094,TOWER SUTT 150kV BNGKO - SPNUH #0094,-2.1532434673739598,102.05898455759186
"POINT (102.05629371505765 -2.151396156820888)",BNGKO - SPNUH #0095,TOWER SUTT 150kV BNGKO - SPNUH #0095,-2.151396156820888,102.05629371505765
"POINT (102.05377841368316 -2.1496218116954844)",BNGKO - SPNUH #0096,TOWER SUTT 150kV BNGKO - SPNUH #0096,-2.1496218116954844,102.05377841368316
"POINT (102.05239063873887 -2.1491351192817088)",BNGKO - SPNUH #0097,TOWER SUTT 150kV BNGKO - SPNUH #0097,-2.1491351192817088,102.05239063873887
"POINT (102.04951733777122 -2.1470563809739507)",BNGKO - SPNUH #0098,TOWER SUTT 150kV BNGKO - SPNUH #0098,-2.1470563809739507,102.04951733777122
"POINT (102.047154 -2.14543)",BNGKO - SPNUH #0099,TOWER SUTT 150kV BNGKO - SPNUH #0099,-2.14543,102.047154
"POINT (102.04385296548217 -2.1431501383738913)",BNGKO - SPNUH #0100,TOWER SUTT 150kV BNGKO - SPNUH #0100,-2.1431501383738913,102.04385296548217
"POINT (102.04133089631797 -2.1413286169991195)",BNGKO - SPNUH #0101,TOWER SUTT 150kV BNGKO - SPNUH #0101,-2.1413286169991195,102.04133089631797
"POINT (102.03947694706055 -2.1398998198233166)",BNGKO - SPNUH #0102,TOWER SUTT 150kV BNGKO - SPNUH #0102,-2.1398998198233166,102.03947694706055
"POINT (102.03689923527821 -2.1382520875053292)",BNGKO - SPNUH #0103,TOWER SUTT 150kV BNGKO - SPNUH #0103,-2.1382520875053292,102.03689923527821
"POINT (102.03347156489535 -2.1358509055737933)",BNGKO - SPNUH #0104,TOWER SUTT 150kV BNGKO - SPNUH #0104,-2.1358509055737933,102.03347156489535
"POINT (102.03206547129814 -2.13518274195922)",BNGKO - SPNUH #0105,TOWER SUTT 150kV BNGKO - SPNUH #0105,-2.13518274195922,102.03206547129814
"POINT (102.02991402549898 -2.1337580167408166)",BNGKO - SPNUH #0106,TOWER SUTT 150kV BNGKO - SPNUH #0106,-2.1337580167408166,102.02991402549898
"POINT (102.02721729967648 -2.1316683691100438)",BNGKO - SPNUH #0107,TOWER SUTT 150kV BNGKO - SPNUH #0107,-2.1316683691100438,102.02721729967648
"POINT (102.026175 -2.127662)",BNGKO - SPNUH #0108,TOWER SUTT 150kV BNGKO - SPNUH #0108,-2.127662,102.026175
"POINT (102.025027 -2.124649)",BNGKO - SPNUH #0109,TOWER SUTT 150kV BNGKO - SPNUH #0109,-2.124649,102.025027
"POINT (102.02386193297784 -2.122289807945504)",BNGKO - SPNUH #0110,TOWER SUTT 150kV BNGKO - SPNUH #0110,-2.122289807945504,102.02386193297784
"POINT (102.02228065430104 -2.120168371082526)",BNGKO - SPNUH #0111,TOWER SUTT 150kV BNGKO - SPNUH #0111,-2.120168371082526,102.02228065430104
"POINT (102.01981014572081 -2.119440762326126)",BNGKO - SPNUH #0112,TOWER SUTT 150kV BNGKO - SPNUH #0112,-2.119440762326126,102.01981014572081
"POINT (102.01716792769727 -2.118408586829911)",BNGKO - SPNUH #0113,TOWER SUTT 150kV BNGKO - SPNUH #0113,-2.118408586829911,102.01716792769727
"POINT (102.01427769370947 -2.1173699588880632)",BNGKO - SPNUH #0114,TOWER SUTT 150kV BNGKO - SPNUH #0114,-2.1173699588880632,102.01427769370947
"POINT (102.01139691036775 -2.1178934721571046)",BNGKO - SPNUH #0115,TOWER SUTT 150kV BNGKO - SPNUH #0115,-2.1178934721571046,102.01139691036775
"POINT (102.00904192668074 -2.118150989992675)",BNGKO - SPNUH #0116,TOWER SUTT 150kV BNGKO - SPNUH #0116,-2.118150989992675,102.00904192668074
"POINT (102.00581172946846 -2.1187246777119633)",BNGKO - SPNUH #0117,TOWER SUTT 150kV BNGKO - SPNUH #0117,-2.1187246777119633,102.00581172946846
"POINT (102.00395697993895 -2.1187671919220326)",BNGKO - SPNUH #0118,TOWER SUTT 150kV BNGKO - SPNUH #0118,-2.1187671919220326,102.00395697993895
"POINT (102.00139604508874 -2.118099539657133)",BNGKO - SPNUH #0119,TOWER SUTT 150kV BNGKO - SPNUH #0119,-2.118099539657133,102.00139604508874
"POINT (101.999230886902 -2.1171069927837163)",BNGKO - SPNUH #0120,TOWER SUTT 150kV BNGKO - SPNUH #0120,-2.1171069927837163,101.999230886902
"POINT (101.99725600111498 -2.1162353246306584)",BNGKO - SPNUH #0121,TOWER SUTT 150kV BNGKO - SPNUH #0121,-2.1162353246306584,101.99725600111498
"POINT (101.99482162749125 -2.1155153846901746)",BNGKO - SPNUH #0122,TOWER SUTT 150kV BNGKO - SPNUH #0122,-2.1155153846901746,101.99482162749125
"POINT (101.993 -2.11467)",BNGKO - SPNUH #0123,TOWER SUTT 150kV BNGKO - SPNUH #0123,-2.11467,101.993
"POINT (101.991 -2.11387)",BNGKO - SPNUH #0124,TOWER SUTT 150kV BNGKO - SPNUH #0124,-2.11387,101.991
"POINT (101.988 -2.1147)",BNGKO - SPNUH #0125,TOWER SUTT 150kV BNGKO - SPNUH #0125,-2.1147,101.988
"POINT (101.98588822502646 -2.1155541040934707)",BNGKO - SPNUH #0126,TOWER SUTT 150kV BNGKO - SPNUH #0126,-2.1155541040934707,101.98588822502646
"POINT (101.983290677914 -2.116614143254742)",BNGKO - SPNUH #0127,TOWER SUTT 150kV BNGKO - SPNUH #0127,-2.116614143254742,101.983290677914
"POINT (101.9798689847812 -2.11702368222177)",BNGKO - SPNUH #0128,TOWER SUTT 150kV BNGKO - SPNUH #0128,-2.11702368222177,101.9798689847812
"POINT (101.97758285604921 -2.1178456559997243)",BNGKO - SPNUH #0129,TOWER SUTT 150kV BNGKO - SPNUH #0129,-2.1178456559997243,101.97758285604921
"POINT (101.97588073355212 -2.119201300085682)",BNGKO - SPNUH #0130,TOWER SUTT 150kV BNGKO - SPNUH #0130,-2.119201300085682,101.97588073355212
"POINT (101.973 -2.1203)",BNGKO - SPNUH #0131,TOWER SUTT 150kV BNGKO - SPNUH #0131,-2.1203,101.973
"POINT (101.971 -2.12091)",BNGKO - SPNUH #0132,TOWER SUTT 150kV BNGKO - SPNUH #0132,-2.12091,101.971
"POINT (101.96796407073955 -2.119846444951535)",BNGKO - SPNUH #0133,TOWER SUTT 150kV BNGKO - SPNUH #0133,-2.119846444951535,101.96796407073955
"POINT (101.96497289470622 -2.118945573681249)",BNGKO - SPNUH #0134,TOWER SUTT 150kV BNGKO - SPNUH #0134,-2.118945573681249,101.96497289470622
"POINT (101.96262721904775 -2.118055621359107)",BNGKO - SPNUH #0135,TOWER SUTT 150kV BNGKO - SPNUH #0135,-2.118055621359107,101.96262721904775
"POINT (101.95977827579742 -2.1169859273982237)",BNGKO - SPNUH #0136,TOWER SUTT 150kV BNGKO - SPNUH #0136,-2.1169859273982237,101.95977827579742
"POINT (101.95726627849076 -2.1160518331861518)",BNGKO - SPNUH #0137,TOWER SUTT 150kV BNGKO - SPNUH #0137,-2.1160518331861518,101.95726627849076
"POINT (101.95435274447316 -2.1149117284184413)",BNGKO - SPNUH #0138,TOWER SUTT 150kV BNGKO - SPNUH #0138,-2.1149117284184413,101.95435274447316
"POINT (101.95103627879662 -2.1135942629304645)",BNGKO - SPNUH #0139,TOWER SUTT 150kV BNGKO - SPNUH #0139,-2.1135942629304645,101.95103627879662
"POINT (101.9482190757882 -2.1120937256650296)",BNGKO - SPNUH #0140,TOWER SUTT 150kV BNGKO - SPNUH #0140,-2.1120937256650296,101.9482190757882
"POINT (101.94513470585207 -2.112539956920536)",BNGKO - SPNUH #0141,TOWER SUTT 150kV BNGKO - SPNUH #0141,-2.112539956920536,101.94513470585207
"POINT (101.94282494680209 -2.112919028647298)",BNGKO - SPNUH #0142,TOWER SUTT 150kV BNGKO - SPNUH #0142,-2.112919028647298,101.94282494680209
"POINT (101.94069691002373 -2.1132707176730783)",BNGKO - SPNUH #0143,TOWER SUTT 150kV BNGKO - SPNUH #0143,-2.1132707176730783,101.94069691002373
"POINT (101.93950259880448 -2.115561831524312)",BNGKO - SPNUH #0144,TOWER SUTT 150kV BNGKO - SPNUH #0144,-2.115561831524312,101.93950259880448
"POINT (101.93798534572127 -2.118342947214876)",BNGKO - SPNUH #0145,TOWER SUTT 150kV BNGKO - SPNUH #0145,-2.118342947214876,101.93798534572127
"POINT (101.93666047856742 -2.120923104456936)",BNGKO - SPNUH #0146,TOWER SUTT 150kV BNGKO - SPNUH #0146,-2.120923104456936,101.93666047856742
"POINT (101.93593358038919 -2.1239957684884576)",BNGKO - SPNUH #0147,TOWER SUTT 150kV BNGKO - SPNUH #0147,-2.1239957684884576,101.93593358038919
"POINT (101.93535915575922 -2.126182559877636)",BNGKO - SPNUH #0148,TOWER SUTT 150kV BNGKO - SPNUH #0148,-2.126182559877636,101.93535915575922
"POINT (101.93469618447128 -2.1290740044787606)",BNGKO - SPNUH #0149,TOWER SUTT 150kV BNGKO - SPNUH #0149,-2.1290740044787606,101.93469618447128
"POINT (101.93291240371754 -2.1315277321265724)",BNGKO - SPNUH #0150,TOWER SUTT 150kV BNGKO - SPNUH #0150,-2.1315277321265724,101.93291240371754
"POINT (101.9311973876524 -2.1339156893025937)",BNGKO - SPNUH #0151,TOWER SUTT 150kV BNGKO - SPNUH #0151,-2.1339156893025937,101.9311973876524
"POINT (101.92940268647173 -2.136175638784805)",BNGKO - SPNUH #0152,TOWER SUTT 150kV BNGKO - SPNUH #0152,-2.136175638784805,101.92940268647173
"POINT (101.92663080589885 -2.135839772602006)",BNGKO - SPNUH #0153,TOWER SUTT 150kV BNGKO - SPNUH #0153,-2.135839772602006,101.92663080589885
"POINT (101.9241427928958 -2.135538998061623)",BNGKO - SPNUH #0154,TOWER SUTT 150kV BNGKO - SPNUH #0154,-2.135538998061623,101.9241427928958
"POINT (101.92136206641912 -2.1351712948023636)",BNGKO - SPNUH #0155,TOWER SUTT 150kV BNGKO - SPNUH #0155,-2.1351712948023636,101.92136206641912
"POINT (101.91841706167907 -2.1348750405013726)",BNGKO - SPNUH #0156,TOWER SUTT 150kV BNGKO - SPNUH #0156,-2.1348750405013726,101.91841706167907
"POINT (101.91566241905089 -2.1346727013588627)",BNGKO - SPNUH #0157,TOWER SUTT 150kV BNGKO - SPNUH #0157,-2.1346727013588627,101.91566241905089
"POINT (101.91430339589716 -2.135720863007055)",BNGKO - SPNUH #0158,TOWER SUTT 150kV BNGKO - SPNUH #0158,-2.135720863007055,101.91430339589716
"POINT (101.91158149995987 -2.137729534910946)",BNGKO - SPNUH #0159,TOWER SUTT 150kV BNGKO - SPNUH #0159,-2.137729534910946,101.91158149995987
"POINT (101.908917 -2.139807)",BNGKO - SPNUH #0160,TOWER SUTT 150kV BNGKO - SPNUH #0160,-2.139807,101.908917
"POINT (101.90575988176074 -2.1422346022315777)",BNGKO - SPNUH #0161,TOWER SUTT 150kV BNGKO - SPNUH #0161,-2.1422346022315777,101.90575988176074
"POINT (101.90619862934024 -2.146281670943502)",BNGKO - SPNUH #0162,TOWER SUTT 150kV BNGKO - SPNUH #0162,-2.146281670943502,101.90619862934024
"POINT (101.90648163119855 -2.1487026442859696)",BNGKO - SPNUH #0163,TOWER SUTT 150kV BNGKO - SPNUH #0163,-2.1487026442859696,101.90648163119855
"POINT (101.90743839749264 -2.151203643717078)",BNGKO - SPNUH #0164,TOWER SUTT 150kV BNGKO - SPNUH #0164,-2.151203643717078,101.90743839749264
"POINT (101.90884756992514 -2.1554566528557966)",BNGKO - SPNUH #0165,TOWER SUTT 150kV BNGKO - SPNUH #0165,-2.1554566528557966,101.90884756992514
"POINT (101.91054608025905 -2.160712029166536)",BNGKO - SPNUH #0166,TOWER SUTT 150kV BNGKO - SPNUH #0166,-2.160712029166536,101.91054608025905
"POINT (101.91138691835012 -2.1636288615668113)",BNGKO - SPNUH #0167,TOWER SUTT 150kV BNGKO - SPNUH #0167,-2.1636288615668113,101.91138691835012
"POINT (101.90919984369165 -2.1659371317315914)",BNGKO - SPNUH #0168,TOWER SUTT 150kV BNGKO - SPNUH #0168,-2.1659371317315914,101.90919984369165
"POINT (101.90838432432288 -2.166878397762554)",BNGKO - SPNUH #0169,TOWER SUTT 150kV BNGKO - SPNUH #0169,-2.166878397762554,101.90838432432288
"POINT (101.90599988967452 -2.1693135545362847)",BNGKO - SPNUH #0170,TOWER SUTT 150kV BNGKO - SPNUH #0170,-2.1693135545362847,101.90599988967452
"POINT (101.89985872699991 -2.17048196425902)",BNGKO - SPNUH #0171,TOWER SUTT 150kV BNGKO - SPNUH #0171,-2.17048196425902,101.89985872699991
"POINT (101.89837062919678 -2.1719757039045717)",BNGKO - SPNUH #0172,TOWER SUTT 150kV BNGKO - SPNUH #0172,-2.1719757039045717,101.89837062919678
"POINT (101.89531967649663 -2.1734453558005256)",BNGKO - SPNUH #0173,TOWER SUTT 150kV BNGKO - SPNUH #0173,-2.1734453558005256,101.89531967649663
"POINT (101.89339833199416 -2.173828557466754)",BNGKO - SPNUH #0174,TOWER SUTT 150kV BNGKO - SPNUH #0174,-2.173828557466754,101.89339833199416
"POINT (101.89136010142256 -2.1741487339360184)",BNGKO - SPNUH #0175,TOWER SUTT 150kV BNGKO - SPNUH #0175,-2.1741487339360184,101.89136010142256
"POINT (101.88818377345234 -2.175826447924935)",BNGKO - SPNUH #0176,TOWER SUTT 150kV BNGKO - SPNUH #0176,-2.175826447924935,101.88818377345234
"POINT (101.88550762265064 -2.1760394227595796)",BNGKO - SPNUH #0177,TOWER SUTT 150kV BNGKO - SPNUH #0177,-2.1760394227595796,101.88550762265064
"POINT (101.883 -2.17629)",BNGKO - SPNUH #0178,TOWER SUTT 150kV BNGKO - SPNUH #0178,-2.17629,101.883
"POINT (101.87807170222285 -2.176559721934107)",BNGKO - SPNUH #0179,TOWER SUTT 150kV BNGKO - SPNUH #0179,-2.176559721934107,101.87807170222285
"POINT (101.87470401216713 -2.176819188111243)",BNGKO - SPNUH #0180,TOWER SUTT 150kV BNGKO - SPNUH #0180,-2.176819188111243,101.87470401216713
"POINT (101.87 -2.17791)",BNGKO - SPNUH #0181,TOWER SUTT 150kV BNGKO - SPNUH #0181,-2.17791,101.87
"POINT (101.866 -2.17888)",BNGKO - SPNUH #0182,TOWER SUTT 150kV BNGKO - SPNUH #0182,-2.17888,101.866
"POINT (101.863 -2.17611)",BNGKO - SPNUH #0183,TOWER SUTT 150kV BNGKO - SPNUH #0183,-2.17611,101.863
"POINT (101.859 -2.17506)",BNGKO - SPNUH #0184,TOWER SUTT 150kV BNGKO - SPNUH #0184,-2.17506,101.859
"POINT (101.857 -2.17432)",BNGKO - SPNUH #0185,TOWER SUTT 150kV BNGKO - SPNUH #0185,-2.17432,101.857
"POINT (101.85473234550138 -2.174227926922164)",BNGKO - SPNUH #0186,TOWER SUTT 150kV BNGKO - SPNUH #0186,-2.174227926922164,101.85473234550138
"POINT (101.85194024813107 -2.174919969302006)",BNGKO - SPNUH #0187,TOWER SUTT 150kV BNGKO - SPNUH #0187,-2.174919969302006,101.85194024813107
"POINT (101.84821452288982 -2.1758848629882777)",BNGKO - SPNUH #0188,TOWER SUTT 150kV BNGKO - SPNUH #0188,-2.1758848629882777,101.84821452288982
"POINT (101.84590194699082 -2.178437402655742)",BNGKO - SPNUH #0189,TOWER SUTT 150kV BNGKO - SPNUH #0189,-2.178437402655742,101.84590194699082
"POINT (101.84373969991003 -2.1797336592880647)",BNGKO - SPNUH #0190,TOWER SUTT 150kV BNGKO - SPNUH #0190,-2.1797336592880647,101.84373969991003
"POINT (101.84085555593742 -2.1792602291822085)",BNGKO - SPNUH #0191,TOWER SUTT 150kV BNGKO - SPNUH #0191,-2.1792602291822085,101.84085555593742
"POINT (101.838402 -2.17968)",BNGKO - SPNUH #0192,TOWER SUTT 150kV BNGKO - SPNUH #0192,-2.17968,101.838402
"POINT (101.837 -2.18032)",BNGKO - SPNUH #0193,TOWER SUTT 150kV BNGKO - SPNUH #0193,-2.18032,101.837
"POINT (101.83347774183387 -2.1822019060729088)",BNGKO - SPNUH #0194,TOWER SUTT 150kV BNGKO - SPNUH #0194,-2.1822019060729088,101.83347774183387
"POINT (101.83141675236996 -2.1848262796646436)",BNGKO - SPNUH #0195,TOWER SUTT 150kV BNGKO - SPNUH #0195,-2.1848262796646436,101.83141675236996
"POINT (101.82933525269866 -2.186095281998485)",BNGKO - SPNUH #0196,TOWER SUTT 150kV BNGKO - SPNUH #0196,-2.186095281998485,101.82933525269866
"POINT (101.8275833 -2.1856156)",BNGKO - SPNUH #197,TOWER SUTT 150kV BNGKO - SPNUH #0197,-2.1856156,101.8275833
"POINT (101.82344475628011 -2.1840062325022065)",BNGKO - SPNUH #0198,TOWER SUTT 150kV BNGKO - SPNUH #0198,-2.1840062325022065,101.82344475628011
"POINT (101.81950998443165 -2.1811397804365464)",BNGKO - SPNUH #0199,TOWER SUTT 150kV BNGKO - SPNUH #0199,-2.1811397804365464,101.81950998443165
"POINT (101.81913692504169 -2.17939538648352)",BNGKO - SPNUH #0200,TOWER SUTT 150kV BNGKO - SPNUH #0200,-2.17939538648352,101.81913692504169
"POINT (101.81783702224489 -2.176772654056553)",BNGKO - SPNUH #0201,TOWER SUTT 150kV BNGKO - SPNUH #0201,-2.176772654056553,101.81783702224489
"POINT (101.81417720625178 -2.175203020451591)",BNGKO - SPNUH #0202,TOWER SUTT 150kV BNGKO - SPNUH #0202,-2.175203020451591,101.81417720625178
"POINT (101.81074174284463 -2.176840290841265)",BNGKO - SPNUH #0203,TOWER SUTT 150kV BNGKO - SPNUH #0203,-2.176840290841265,101.81074174284463
"POINT (101.80844808571146 -2.1785730453577297)",BNGKO - SPNUH #0204,TOWER SUTT 150kV BNGKO - SPNUH #0204,-2.1785730453577297,101.80844808571146
"POINT (101.80687354411928 -2.1780356601812145)",BNGKO - SPNUH #0205,TOWER SUTT 150kV BNGKO - SPNUH #0205,-2.1780356601812145,101.80687354411928
"POINT (101.80491217412056 -2.1773467212916318)",BNGKO - SPNUH #0206,TOWER SUTT 150kV BNGKO - SPNUH #0206,-2.1773467212916318,101.804912174120556
"POINT (101.8018715560902 -2.1766446763649663)",BNGKO - SPNUH #0207,TOWER SUTT 150kV BNGKO - SPNUH #0207,-2.1766446763649663,101.8018715560902
"POINT (101.79884825712233 -2.177526760143207)",BNGKO - SPNUH #0208,TOWER SUTT 150kV BNGKO - SPNUH #0208,-2.177526760143207,101.79884825712233
"POINT (101.79714913542226 -2.1791319193371654)",BNGKO - SPNUH #0209,TOWER SUTT 150kV BNGKO - SPNUH #0209,-2.1791319193371654,101.79714913542226
"POINT (101.79458600700414 -2.180630182170132)",BNGKO - SPNUH #0210,TOWER SUTT 150kV BNGKO - SPNUH #0210,-2.180630182170132,101.79458600700414
"POINT (101.79103209075265 -2.1804878216357166)",BNGKO - SPNUH #0211,TOWER SUTT 150kV BNGKO - SPNUH #0211,-2.1804878216357166,101.79103209075265
"POINT (101.78858489960513 -2.1810173060172837)",BNGKO - SPNUH #0212,TOWER SUTT 150kV BNGKO - SPNUH #0212,-2.1810173060172837,101.78858489960513
"POINT (101.78529956960108 -2.1837969176704832)",BNGKO - SPNUH #0213,TOWER SUTT 150kV BNGKO - SPNUH #0213,-2.1837969176704832,101.78529956960108
"POINT (101.78349480071812 -2.1851642528143613)",BNGKO - SPNUH #0214,TOWER SUTT 150kV BNGKO - SPNUH #0214,-2.1851642528143613,101.78349480071812
"POINT (101.78191648796202 -2.186601040884853)",BNGKO - SPNUH #0215,TOWER SUTT 150kV BNGKO - SPNUH #0215,-2.186601040884853,101.78191648796202
"POINT (101.77948562211604 -2.187492382277803)",BNGKO - SPNUH #0216,TOWER SUTT 150kV BNGKO - SPNUH #0216,-2.187492382277803,101.77948562211604
"POINT (101.77769334986806 -2.188130179420118)",BNGKO - SPNUH #0217,TOWER SUTT 150kV BNGKO - SPNUH #0217,-2.188130179420118,101.77769334986806
"POINT (101.77394607975955 -2.190883454578557)",BNGKO - SPNUH #0218,TOWER SUTT 150kV BNGKO - SPNUH #0218,-2.190883454578557,101.77394607975955
"POINT (101.77172884927124 -2.1949986345135395)",BNGKO - SPNUH #0219,TOWER SUTT 150kV BNGKO - SPNUH #0219,-2.1949986345135395,101.77172884927124
"POINT (101.77029322213691 -2.1962293897940555)",BNGKO - SPNUH #0220,TOWER SUTT 150kV BNGKO - SPNUH #0220,-2.1962293897940555,101.77029322213691
"POINT (101.76651252840344 -2.1963069837943605)",BNGKO - SPNUH #0221,TOWER SUTT 150kV BNGKO - SPNUH #0221,-2.1963069837943605,101.76651252840344
"POINT (101.7637011544745 -2.1964387313630853)",BNGKO - SPNUH #0222,TOWER SUTT 150kV BNGKO - SPNUH #0222,-2.1964387313630853,101.7637011544745
"POINT (101.76192277857967 -2.1965595164390934)",BNGKO - SPNUH #0223,TOWER SUTT 150kV BNGKO - SPNUH #0223,-2.1965595164390934,101.76192277857967
"POINT (101.7585228259607 -2.1990328441953393)",BNGKO - SPNUH #0224,TOWER SUTT 150kV BNGKO - SPNUH #0224,-2.1990328441953393,101.7585228259607
"POINT (101.758591007297 -2.20191541069829)",BNGKO - SPNUH #0225,TOWER SUTT 150kV BNGKO - SPNUH #0225,-2.20191541069829,101.758591007297
"POINT (101.75698913006559 -2.205207740335654)",BNGKO - SPNUH #0226,TOWER SUTT 150kV BNGKO - SPNUH #0226,-2.205207740335654,101.75698913006559
"POINT (101.75571267089549 -2.2096019444565256)",BNGKO - SPNUH #0227,TOWER SUTT 150kV BNGKO - SPNUH #0227,-2.2096019444565256,101.75571267089549
"POINT (101.75502618915876 -2.2124226708000636)",BNGKO - SPNUH #0228,TOWER SUTT 150kV BNGKO - SPNUH #0228,-2.2124226708000636,101.75502618915876
"POINT (101.75479630531915 -2.2144111708504317)",BNGKO - SPNUH #0229,TOWER SUTT 150kV BNGKO - SPNUH #0229,-2.2144111708504317,101.75479630531915
"POINT (101.755129 -2.2146 0.0)",T6.L1 EE+0,
"POINT (101.755568 -2.214066 0.0)",T5.L1  BB+0,
"POINT (101.756319 -2.212095 0.0)",T4.L1  BB+3,
"POINT (101.757141 -2.209464 0.0)",T3.L1  DD+0,
"POINT (101.758335 -2.20901 0.0)",T2.L1 BB+6,
"POINT (101.759187 -2.208728 0.0)",T1.L1 DDR+6,
"POINT (101.759403 -2.208854 0.0)",T1.L2 DDR+6,
"POINT (101.757546 -2.209815 0.0)",T2.L2 CC+6,
"POINT (101.756552 -2.211814 0.0)",T3.L2 BB+3,
"POINT (101.755802 -2.214174 0.0)",T4.L2 BB+0,
"POINT (101.754628 -2.21593 0.0)",T5.L2 BB+6,
"POINT (101.75363408353611 -2.2174225627613557)",BNGKO - SPNUH #0230,TOWER SUTT 150kV BNGKO - SPNUH #0230,-2.2174225627613557,101.75363408353611
"POINT (101.7512655450241 -2.2193195659696956)",BNGKO - SPNUH #0231,TOWER SUTT 150kV BNGKO - SPNUH #0231,-2.2193195659696956,101.7512655450241
"POINT (101.74883819666665 -2.2210410411111234)",BNGKO - SPNUH #0232,TOWER SUTT 150kV BNGKO - SPNUH #0232,-2.2210410411111234,101.74883819666665
"POINT (101.74708046718555 -2.2244473289026208)",BNGKO - SPNUH #0233,TOWER SUTT 150kV BNGKO - SPNUH #0233,-2.2244473289026208,101.74708046718555
"POINT (101.7458997207181 -2.2271605657202773)",BNGKO - SPNUH #0234,TOWER SUTT 150kV BNGKO - SPNUH #0234,-2.2271605657202773,101.7458997207181
"POINT (101.74513025495361 -2.2288247713853426)",BNGKO - SPNUH #0235,TOWER SUTT 150kV BNGKO - SPNUH #0235,-2.2288247713853426,101.74513025495361
"POINT (101.7436159263446 -2.230887994264678)",BNGKO - SPNUH #0236,TOWER SUTT 150kV BNGKO - SPNUH #0236,-2.230887994264678,101.7436159263446
"POINT (101.74124535791393 -2.233301003064925)",BNGKO - SPNUH #0237,TOWER SUTT 150kV BNGKO - SPNUH #0237,-2.233301003064925,101.74124535791393
"POINT (101.73952568587404 -2.2341760219327256)",BNGKO - SPNUH #0238,TOWER SUTT 150kV BNGKO - SPNUH #0238,-2.2341760219327256,101.73952568587404
"POINT (101.73685125414532 -2.235563671330405)",BNGKO - SPNUH #0239,TOWER SUTT 150kV BNGKO - SPNUH #0239,-2.235563671330405,101.73685125414532
"POINT (101.73528962972294 -2.236352804087764)",BNGKO - SPNUH #0240,TOWER SUTT 150kV BNGKO - SPNUH #0240,-2.236352804087764,101.73528962972294
"POINT (101.73440261546546 -2.238023886281869)",BNGKO - SPNUH #0241,TOWER SUTT 150kV BNGKO - SPNUH #0241,-2.238023886281869,101.73440261546546
"POINT (101.73294244550989 -2.2407664838935295)",BNGKO - SPNUH #0242,TOWER SUTT 150kV BNGKO - SPNUH #0242,-2.2407664838935295,101.73294244550989
"POINT (101.73130645067431 -2.244253343087634)",BNGKO - SPNUH #0243,TOWER SUTT 150kV BNGKO - SPNUH #0243,-2.244253343087634,101.73130645067431
"POINT (101.72893679235132 -2.2447932424256636)",BNGKO - SPNUH #0244,TOWER SUTT 150kV BNGKO - SPNUH #0244,-2.2447932424256636,101.72893679235132
"POINT (101.72556577948853 -2.245682672264655)",BNGKO - SPNUH #0245,TOWER SUTT 150kV BNGKO - SPNUH #0245,-2.245682672264655,101.72556577948853
"POINT (101.72294543026236 -2.2463907885436067)",BNGKO - SPNUH #0246,TOWER SUTT 150kV BNGKO - SPNUH #0246,-2.2463907885436067,101.72294543026236
"POINT (101.71957985993453 -2.2449759921289685)",BNGKO - SPNUH #0247,TOWER SUTT 150kV BNGKO - SPNUH #0247,-2.2449759921289685,101.71957985993453
"POINT (101.7160578933544 -2.24420876707883)",BNGKO - SPNUH #0248,TOWER SUTT 150kV BNGKO - SPNUH #0248,-2.24420876707883,101.7160578933544
"POINT (101.71198431695461 -2.2432379411369303)",BNGKO - SPNUH #0249,TOWER SUTT 150kV BNGKO - SPNUH #0249,-2.2432379411369303,101.71198431695461
"POINT (101.70832352568696 -2.2425575436891236)",BNGKO - SPNUH #0250,TOWER SUTT 150kV BNGKO - SPNUH #0250,-2.2425575436891236,101.70832352568696
"POINT (101.70603096164886 -2.2400362136694767)",BNGKO - SPNUH #0251,TOWER SUTT 150kV BNGKO - SPNUH #0251,-2.2400362136694767,101.70603096164886
"POINT (101.70374211943701 -2.2378008879372437)",BNGKO - SPNUH #0252,TOWER SUTT 150kV BNGKO - SPNUH #0252,-2.2378008879372437,101.70374211943701
"POINT (101.70225004199894 -2.2357379808092985)",BNGKO - SPNUH #0253,TOWER SUTT 150kV BNGKO - SPNUH #0253,-2.2357379808092985,101.70225004199894
"POINT (101.70015482432056 -2.2342418007830536)",BNGKO - SPNUH #0254,TOWER SUTT 150kV BNGKO - SPNUH #0254,-2.2342418007830536,101.70015482432056
"POINT (101.69840033166112 -2.233044435270131)",BNGKO - SPNUH #0255,TOWER SUTT 150kV BNGKO - SPNUH #0255,-2.233044435270131,101.69840033166112
"POINT (101.69636436346714 -2.2316535405990123)",BNGKO - SPNUH #0256,TOWER SUTT 150kV BNGKO - SPNUH #0256,-2.2316535405990123,101.69636436346714
"POINT (101.69395805070441 -2.2304449995447935)",BNGKO - SPNUH #0257,TOWER SUTT 150kV BNGKO - SPNUH #0257,-2.2304449995447935,101.69395805070441
"POINT (101.69057976454499 -2.228568182326937)",BNGKO - SPNUH #0258,TOWER SUTT 150kV BNGKO - SPNUH #0258,-2.228568182326937,101.69057976454499
"POINT (101.6885569771566 -2.2272728850017893)",BNGKO - SPNUH #0259,TOWER SUTT 150kV BNGKO - SPNUH #0259,-2.2272728850017893,101.6885569771566
"POINT (101.68634335510433 -2.2258789371699614)",BNGKO - SPNUH #0260,TOWER SUTT 150kV BNGKO - SPNUH #0260,-2.2258789371699614,101.68634335510433
"POINT (101.68432181701057 -2.224631481803975)",BNGKO - SPNUH #0261,TOWER SUTT 150kV BNGKO - SPNUH #0261,-2.224631481803975,101.68432181701057
"POINT (101.68240591847278 -2.2225517726266326)",BNGKO - SPNUH #0262,TOWER SUTT 150kV BNGKO - SPNUH #0262,-2.2225517726266326,101.68240591847278
"POINT (101.68081344853918 -2.221235245598065)",BNGKO - SPNUH #0263,TOWER SUTT 150kV BNGKO - SPNUH #0263,-2.221235245598065,101.68081344853918
"POINT (101.67908536450346 -2.2194399863013943)",BNGKO - SPNUH #0264,TOWER SUTT 150kV BNGKO - SPNUH #0264,-2.2194399863013943,101.67908536450346
"POINT (101.67628832253791 -2.2176918516980106)",BNGKO - SPNUH #0265,TOWER SUTT 150kV BNGKO - SPNUH #0265,-2.2176918516980106,101.67628832253791
"POINT (101.67449525306944 -2.2147218461583256)",BNGKO - SPNUH #0266,TOWER SUTT 150kV BNGKO - SPNUH #0266,-2.2147218461583256,101.67449525306944
"POINT (101.67308141499112 -2.2128175433378687)",BNGKO - SPNUH #0267,TOWER SUTT 150kV BNGKO - SPNUH #0267,-2.2128175433378687,101.67308141499112
"POINT (101.67120851497279 -2.210407976562568)",BNGKO - SPNUH #0268,TOWER SUTT 150kV BNGKO - SPNUH #0268,-2.210407976562568,101.67120851497279
"POINT (101.66924570658745 -2.207953375795533)",BNGKO - SPNUH #0269,TOWER SUTT 150kV BNGKO - SPNUH #0269,-2.207953375795533,101.66924570658745
"POINT (101.66768822964913 -2.206094497661497)",BNGKO - SPNUH #0270,TOWER SUTT 150kV BNGKO - SPNUH #0270,-2.206094497661497,101.66768822964913
"POINT (101.66599568226066 -2.2040551094709104)",BNGKO - SPNUH #0271,TOWER SUTT 150kV BNGKO - SPNUH #0271,-2.2040551094709104,101.66599568226066
"POINT (101.6644230671227 -2.2036040993407426)",BNGKO - SPNUH #0272,TOWER SUTT 150kV BNGKO - SPNUH #0272,-2.2036040993407426,101.6644230671227
"POINT (101.66001111005325 -2.203216363672808)",BNGKO - SPNUH #0273,TOWER SUTT 150kV BNGKO - SPNUH #0273,-2.203216363672808,101.66001111005325
"POINT (101.6570008484961 -2.202797010855451)",BNGKO - SPNUH #0274,TOWER SUTT 150kV BNGKO - SPNUH #0274,-2.202797010855451,101.6570008484961
"POINT (101.6559364109344 -2.2003317036102836)",BNGKO - SPNUH #0275,TOWER SUTT 150kV BNGKO - SPNUH #0275,-2.2003317036102836,101.6559364109344
"POINT (101.65453049913437 -2.1970313488202593)",BNGKO - SPNUH #0276,TOWER SUTT 150kV BNGKO - SPNUH #0276,-2.1970313488202593,101.65453049913437
"POINT (101.65393393476126 -2.1957442707615358)",BNGKO - SPNUH #0277,TOWER SUTT 150kV BNGKO - SPNUH #0277,-2.1957442707615358,101.65393393476126
"POINT (101.65202533166986 -2.193434091268109)",BNGKO - SPNUH #0278,TOWER SUTT 150kV BNGKO - SPNUH #0278,-2.193434091268109,101.65202533166986
"POINT (101.64949665652072 -2.1903532767386538)",BNGKO - SPNUH #0279,TOWER SUTT 150kV BNGKO - SPNUH #0279,-2.1903532767386538,101.64949665652072
"POINT (101.6479905112647 -2.188493607100126)",BNGKO - SPNUH #0280,TOWER SUTT 150kV BNGKO - SPNUH #0280,-2.188493607100126,101.6479905112647
"POINT (101.64649771164406 -2.1867923430412786)",BNGKO - SPNUH #0281,TOWER SUTT 150kV BNGKO - SPNUH #0281,-2.1867923430412786,101.64649771164406
"POINT (101.64405054744823 -2.184727092651302)",BNGKO - SPNUH #0282,TOWER SUTT 150kV BNGKO - SPNUH #0282,-2.184727092651302,101.64405054744823
"POINT (101.64140325039624 -2.1829507173970413)",BNGKO - SPNUH #0283,TOWER SUTT 150kV BNGKO - SPNUH #0283,-2.1829507173970413,101.64140325039624
"POINT (101.64126368821587 -2.1796501138714426)",BNGKO - SPNUH #0284,TOWER SUTT 150kV BNGKO - SPNUH #0284,-2.1796501138714427,101.64126368821587
"POINT (101.63904574699708 -2.1782463323325167)",BNGKO - SPNUH #0285,TOWER SUTT 150kV BNGKO - SPNUH #0285,-2.1782463323325167,101.63904574699708
"POINT (101.63655973544658 -2.176276726750724)",BNGKO - SPNUH #0286,TOWER SUTT 150kV BNGKO - SPNUH #0286,-2.176276726750724,101.63655973544658
"POINT (101.6345388144983 -2.1738556421837796)",BNGKO - SPNUH #0287,TOWER SUTT 150kV BNGKO - SPNUH #0287,-2.1738556421837796,101.6345388144983
"POINT (101.63175783918354 -2.1740824423199334)",BNGKO - SPNUH #0288,TOWER SUTT 150kV BNGKO - SPNUH #0288,-2.1740824423199334,101.63175783918354
"POINT (101.62997168675068 -2.1762121450156133)",BNGKO - SPNUH #0289,TOWER SUTT 150kV BNGKO - SPNUH #0289,-2.1762121450156133,101.62997168675068
"POINT (101.62789616733785 -2.1785904606805224)",BNGKO - SPNUH #0290,TOWER SUTT 150kV BNGKO - SPNUH #0290,-2.1785904606805224,101.62789616733785
"POINT (101.62673492383743 -2.1803239606587144)",BNGKO - SPNUH #0291,TOWER SUTT 150kV BNGKO - SPNUH #0291,-2.1803239606587144,101.62673492383743
"POINT (101.62634010426679 -2.183383265510361)",BNGKO - SPNUH #0292,TOWER SUTT 150kV BNGKO - SPNUH #0292,-2.183383265510361,101.62634010426679
"POINT (101.62601992115377 -2.1852988321334132)",BNGKO - SPNUH #0293,TOWER SUTT 150kV BNGKO - SPNUH #0293,-2.1852988321334132,101.62601992115377
"POINT (101.62354514002799 -2.1863922011107357)",BNGKO - SPNUH #0294,TOWER SUTT 150kV BNGKO - SPNUH #0294,-2.1863922011107357,101.62354514002799
"POINT (101.62114083766933 -2.187599861063093)",BNGKO - SPNUH #0295,TOWER SUTT 150kV BNGKO - SPNUH #0295,-2.187599861063093,101.62114083766933
"POINT (101.6167731117457 -2.189687010832161)",BNGKO - SPNUH #0296,TOWER SUTT 150kV BNGKO - SPNUH #0296,-2.189687010832161,101.6167731117457
"POINT (101.61589597351863 -2.1893301084638215)",BNGKO - SPNUH #0297,TOWER SUTT 150kV BNGKO - SPNUH #0297,-2.1893301084638215,101.61589597351863
"POINT (101.61478887498374 -2.1889918777160497)",BNGKO - SPNUH #0298,TOWER SUTT 150kV BNGKO - SPNUH #0298,-2.1889918777160497,101.61478887498374
"POINT (101.61273305187927 -2.1882670652122327)",BNGKO - SPNUH #0299,TOWER SUTT 150kV BNGKO - SPNUH #0299,-2.1882670652122327,101.61273305187927
"POINT (101.61047931527716 -2.185634304187266)",BNGKO - SPNUH #0300,TOWER SUTT 150kV BNGKO - SPNUH #0300,-2.185634304187266,101.61047931527716
"POINT (101.60862520057707 -2.1836719089188725)",BNGKO - SPNUH #0301,TOWER SUTT 150kV BNGKO - SPNUH #0301,-2.1836719089188725,101.60862520057707
"POINT (101.60642476659274 -2.1830386645160957)",BNGKO - SPNUH #0302,TOWER SUTT 150kV BNGKO - SPNUH #0302,-2.1830386645160957,101.60642476659274
"POINT (101.60516879707576 -2.180400020442912)",BNGKO - SPNUH #0303,TOWER SUTT 150kV BNGKO - SPNUH #0303,-2.180400020442912,101.60516879707576
"POINT (101.60386088879537 -2.177345846620173)",BNGKO - SPNUH #0304,TOWER SUTT 150kV BNGKO - SPNUH #0304,-2.177345846620173,101.60386088879537
"POINT (101.60334406304179 -2.1749346004800327)",BNGKO - SPNUH #0305,TOWER SUTT 150kV BNGKO - SPNUH #0305,-2.1749346004800327,101.60334406304179
"POINT (101.60160013474527 -2.172531493124705)",BNGKO - SPNUH #0306,TOWER SUTT 150kV BNGKO - SPNUH #0306,-2.172531493124705,101.60160013474527
"POINT (101.5997788200138 -2.1698443144785475)",BNGKO - SPNUH #0307,TOWER SUTT 150kV BNGKO - SPNUH #0307,-2.1698443144785475,101.5997788200138
"POINT (101.59833809768362 -2.167960497840048)",BNGKO - SPNUH #0308,TOWER SUTT 150kV BNGKO - SPNUH #0308,-2.167960497840048,101.59833809768362
"POINT (101.59602718427777 -2.1646277373657)",BNGKO - SPNUH #0309,TOWER SUTT 150kV BNGKO - SPNUH #0309,-2.1646277373657,101.59602718427777
"POINT (101.59469498975511 -2.1626179087137842)",BNGKO - SPNUH #0310,TOWER SUTT 150kV BNGKO - SPNUH #0310,-2.1626179087137842,101.59469498975511
"POINT (101.5931724440768 -2.160459891990435)",BNGKO - SPNUH #0311,TOWER SUTT 150kV BNGKO - SPNUH #0311,-2.160459891990435,101.5931724440768
"POINT (101.58977524123694 -2.160214046449337)",BNGKO - SPNUH #0312,TOWER SUTT 150kV BNGKO - SPNUH #0312,-2.160214046449337,101.58977524123694
"POINT (101.58658682368696 -2.159987254999581)",BNGKO - SPNUH #0313,TOWER SUTT 150kV BNGKO - SPNUH #0313,-2.159987254999581,101.58658682368696
"POINT (101.58313323491244 -2.1599629102142477)",BNGKO - SPNUH #0314,TOWER SUTT 150kV BNGKO - SPNUH #0314,-2.1599629102142477,101.58313323491244
"POINT (101.5770518453791 -2.159501672722442)",BNGKO - SPNUH #0315,TOWER SUTT 150kV BNGKO - SPNUH #0315,-2.159501672722442,101.5770518453791
"POINT (101.57291709 -2.1587417050000077)",BNGKO - SPNUH #0316,TOWER SUTT 150kV BNGKO - SPNUH #0316,-2.1587417050000077,101.57291709
"POINT (101.57187000615521 -2.1567869104910744)",BNGKO - SPNUH #0317,TOWER SUTT 150kV BNGKO - SPNUH #0317,-2.1567869104910744,101.57187000615521
"POINT (101.5705496857741 -2.1546156458290686)",BNGKO - SPNUH #0318,TOWER SUTT 150kV BNGKO - SPNUH #0318,-2.1546156458290686,101.5705496857741
"POINT (101.56955583393575 -2.152665920555615)",BNGKO - SPNUH #0319,TOWER SUTT 150kV BNGKO - SPNUH #0319,-2.152665920555615,101.56955583393575
"POINT (101.5678686182946 -2.14982809498914)",BNGKO - SPNUH #0320,TOWER SUTT 150kV BNGKO - SPNUH #0320,-2.14982809498914,101.5678686182946
"POINT (101.568617884785 -2.1483213361353592)",BNGKO - SPNUH #0321,TOWER SUTT 150kV BNGKO - SPNUH #0321,-2.1483213361353592,101.568617884785
"POINT (101.56962058808044 -2.1465818463759163)",BNGKO - SPNUH #0322,TOWER SUTT 150kV BNGKO - SPNUH #0322,-2.1465818463759163,101.56962058808044
"POINT (101.57070140820001 -2.144356111530219)",BNGKO - SPNUH #0323,TOWER SUTT 150kV BNGKO - SPNUH #0323,-2.144356111530219,101.57070140820001
"POINT (101.57219412015 -2.14136643441895)",BNGKO - SPNUH #0324,TOWER SUTT 150kV BNGKO - SPNUH #0324,-2.14136643441895,101.57219412015
"POINT (101.57323019579052 -2.139557357877573)",BNGKO - SPNUH #0325,TOWER SUTT 150kV BNGKO - SPNUH #0325,-2.139557357877573,101.57323019579052
"POINT (101.57488509781611 -2.1376153217319147)",BNGKO - SPNUH #0326,TOWER SUTT 150kV BNGKO - SPNUH #0326,-2.1376153217319147,101.57488509781611
"POINT (101.57462904823817 -2.1349133861673724)",BNGKO - SPNUH #0327,TOWER SUTT 150kV BNGKO - SPNUH #0327,-2.1349133861673724,101.57462904823817
"POINT (101.57358330245887 -2.1327369837410353)",BNGKO - SPNUH #0328,TOWER SUTT 150kV BNGKO - SPNUH #0328,-2.1327369837410353,101.57358330245887
"POINT (101.57200798334408 -2.1308416459618593)",BNGKO - SPNUH #0329,TOWER SUTT 150kV BNGKO - SPNUH #0329,-2.1308416459618593,101.57200798334408
"POINT (101.57 -2.12761)",BNGKO - SPNUH #0330,TOWER SUTT 150kV BNGKO - SPNUH #0330,-2.12761,101.57
"POINT (101.567 -2.127)",BNGKO - SPNUH #0331,TOWER SUTT 150kV BNGKO - SPNUH #0331,-2.127,101.567
"POINT (101.565 -2.12652)",BNGKO - SPNUH #0332,TOWER SUTT 150kV BNGKO - SPNUH #0332,-2.12652,101.565
"POINT (101.56318626792473 -2.1256685738291403)",BNGKO - SPNUH #0333,TOWER SUTT 150kV BNGKO - SPNUH #0333,-2.1256685738291403,101.56318626792473
"POINT (101.56 -2.12476)",BNGKO - SPNUH #0334,TOWER SUTT 150kV BNGKO - SPNUH #0334,-2.12476,101.56
"POINT (101.559 -2.12429)",BNGKO - SPNUH #0335,TOWER SUTT 150kV BNGKO - SPNUH #0335,-2.12429,101.559
"POINT (101.557 -2.12372)",BNGKO - SPNUH #0336,TOWER SUTT 150kV BNGKO - SPNUH #0336,-2.12372,101.557
"POINT (101.55562495812777 -2.1243309089914026)",BNGKO - SPNUH #0337,TOWER SUTT 150kV BNGKO - SPNUH #0337,-2.1243309089914026,101.55562495812777
"POINT (101.554 -2.12506)",BNGKO - SPNUH #0338,TOWER SUTT 150kV BNGKO - SPNUH #0338,-2.12506,101.554
"POINT (101.551 -2.1267)",BNGKO - SPNUH #0339,TOWER SUTT 150kV BNGKO - SPNUH #0339,-2.1267,101.551
"POINT (101.5473967091431 -2.1282074918570686)",BNGKO - SPNUH #0340,TOWER SUTT 150kV BNGKO - SPNUH #0340,-2.1282074918570686,101.5473967091431
"POINT (101.5444700399579 -2.129495782728843)",BNGKO - SPNUH #0341,TOWER SUTT 150kV BNGKO - SPNUH #0341,-2.129495782728843,101.5444700399579
"POINT (101.543 -2.13278)",BNGKO - SPNUH #0342,TOWER SUTT 150kV BNGKO - SPNUH #0342,-2.13278,101.543
"POINT (101.54222369341397 -2.134759773463636)",BNGKO - SPNUH #0343,TOWER SUTT 150kV BNGKO - SPNUH #0343,-2.134759773463636,101.54222369341397
"POINT (101.54108714893088 -2.137455064438446)",BNGKO - SPNUH #0344,TOWER SUTT 150kV BNGKO - SPNUH #0344,-2.137455064438446,101.54108714893088
"POINT (101.53986107675931 -2.1403403120055544)",BNGKO - SPNUH #0345,TOWER SUTT 150kV BNGKO - SPNUH #0345,-2.1403403120055544,101.53986107675931
"POINT (101.53798613910534 -2.1420064787874336)",BNGKO - SPNUH #0346,TOWER SUTT 150kV BNGKO - SPNUH #0346,-2.1420064787874336,101.53798613910534
"POINT (101.53653028131626 -2.14174679426065)",BNGKO - SPNUH #0347,TOWER SUTT 150kV BNGKO - SPNUH #0347,-2.14174679426065,101.53653028131626
"POINT (101.53581753343677 -2.1399222460934544)",BNGKO - SPNUH #0348,TOWER SUTT 150kV BNGKO - SPNUH #0348,-2.1399222460934544,101.53581753343677
"POINT (101.53510477456653 -2.138088657258889)",BNGKO - SPNUH #0349,TOWER SUTT 150kV BNGKO - SPNUH #0349,-2.138088657258889,101.53510477456653
"POINT (101.53437403655363 -2.1362460575673015)",BNGKO - SPNUH #0350,TOWER SUTT 150kV BNGKO - SPNUH #0350,-2.1362460575673015,101.53437403655363
"POINT (101.53415839886296 -2.132625875528913)",BNGKO - SPNUH #0351,TOWER SUTT 150kV BNGKO - SPNUH #0351,-2.132625875528913,101.53415839886296
"POINT (101.53396059013902 -2.1292943330481786)",BNGKO - SPNUH #0352,TOWER SUTT 150kV BNGKO - SPNUH #0352,-2.1292943330481786,101.53396059013902
"POINT (101.53383691515775 -2.1273455573245945)",BNGKO - SPNUH #0353,TOWER SUTT 150kV BNGKO - SPNUH #0353,-2.1273455573245945,101.53383691515775
"POINT (101.53360630932106 -2.124542958843121)",BNGKO - SPNUH #0354,TOWER SUTT 150kV BNGKO - SPNUH #0354,-2.124542958843121,101.53360630932106
"POINT (101.53343532533484 -2.122581689966551)",BNGKO - SPNUH #0355,TOWER SUTT 150kV BNGKO - SPNUH #0355,-2.122581689966551,101.53343532533484
"POINT (101.5332420706322 -2.1197620550297156)",BNGKO - SPNUH #0356,TOWER SUTT 150kV BNGKO - SPNUH #0356,-2.1197620550297156,101.5332420706322
"POINT (101.53303995615398 -2.1170147402221593)",BNGKO - SPNUH #0357,TOWER SUTT 150kV BNGKO - SPNUH #0357,-2.1170147402221593,101.53303995615398
"POINT (101.53029741467972 -2.1155279217241123)",BNGKO - SPNUH #0358,TOWER SUTT 150kV BNGKO - SPNUH #0358,-2.1155279217241123,101.53029741467972
"POINT (101.5276717397006 -2.114086092295958)",BNGKO - SPNUH #0359,TOWER SUTT 150kV BNGKO - SPNUH #0359,-2.114086092295958,101.5276717397006
"POINT (101.52496854730454 -2.112573467486114)",BNGKO - SPNUH #0360,TOWER SUTT 150kV BNGKO - SPNUH #0360,-2.112573467486114,101.52496854730454
"POINT (101.52253082382735 -2.1112482409773845)",BNGKO - SPNUH #0361,TOWER SUTT 150kV BNGKO - SPNUH #0361,-2.1112482409773845,101.52253082382735
"POINT (101.51901242509837 -2.109337011310455)",BNGKO - SPNUH #0362,TOWER SUTT 150kV BNGKO - SPNUH #0362,-2.109337011310455,101.51901242509837
"POINT (101.51653962914085 -2.1079852731025914)",BNGKO - SPNUH #0363,TOWER SUTT 150kV BNGKO - SPNUH #0363,-2.1079852731025914,101.51653962914085
"POINT (101.51333665108695 -2.107659516438598)",BNGKO - SPNUH #0364,TOWER SUTT 150kV BNGKO - SPNUH #0364,-2.107659516438598,101.51333665108695
"POINT (101.50999406352648 -2.107276422903048)",BNGKO - SPNUH #0365,TOWER SUTT 150kV BNGKO - SPNUH #0365,-2.107276422903048,101.50999406352648
"POINT (101.50713800533129 -2.106972539403591)",BNGKO - SPNUH #0366,TOWER SUTT 150kV BNGKO - SPNUH #0366,-2.106972539403591,101.50713800533129
"POINT (101.50387688772749 -2.106488628778793)",BNGKO - SPNUH #0367,TOWER SUTT 150kV BNGKO - SPNUH #0367,-2.106488628778793,101.50387688772749
"POINT (101.50146296194396 -2.1063801446084724)",BNGKO - SPNUH #0368,TOWER SUTT 150kV BNGKO - SPNUH #0368,-2.1063801446084724,101.50146296194396
"POINT (101.4992281 -2.1056135)",BNGKO - SPNUH #0369,TOWER SUTT 150kV BNGKO - SPNUH #0369,-2.1056135,101.4992281
"POINT (101.4960250965963 -2.105826647234301)",BNGKO - SPNUH #0370,TOWER SUTT 150kV BNGKO - SPNUH #0370,-2.105826647234301,101.4960250965963
"POINT (101.49499769756119 -2.1032152663668264)",BNGKO - SPNUH #0371,TOWER SUTT 150kV BNGKO - SPNUH #0371,-2.1032152663668264,101.49499769756119
"POINT (101.49349614292963 -2.1005662968546663)",BNGKO - SPNUH #0372,TOWER SUTT 150kV BNGKO - SPNUH #0372,-2.1005662968546663,101.49349614292963
"POINT (101.4922603515874 -2.097697698008912)",BNGKO - SPNUH #0373,TOWER SUTT 150kV BNGKO - SPNUH #0373,-2.097697698008912,101.4922603515874
"POINT (101.4908376602488 -2.0948525150710973)",BNGKO - SPNUH #0374,TOWER SUTT 150kV BNGKO - SPNUH #0374,-2.0948525150710973,101.4908376602488
"POINT (101.49018274806437 -2.092635719105636)",BNGKO - SPNUH #0375,TOWER SUTT 150kV BNGKO - SPNUH #0375,-2.092635719105636,101.49018274806437
"POINT (101.4893801781616 -2.090037561849579)",BNGKO - SPNUH #0376,TOWER SUTT 150kV BNGKO - SPNUH #0376,-2.090037561849579,101.4893801781616
"POINT (101.48870054259899 -2.087203751318171)",BNGKO - SPNUH #0377,TOWER SUTT 150kV BNGKO - SPNUH #0377,-2.087203751318171,101.48870054259899
"POINT (101.48769631516187 -2.084345563198535)",BNGKO - SPNUH #0378,TOWER SUTT 150kV BNGKO - SPNUH #0378,-2.084345563198535,101.48769631516187
"POINT (101.48613711365813 -2.081679335290183)",BNGKO - SPNUH #0379,TOWER SUTT 150kV BNGKO - SPNUH #0379,-2.081679335290183,101.48613711365813
"POINT (101.48459878631452 -2.0799763095821917)",BNGKO - SPNUH #0380,TOWER SUTT 150kV BNGKO - SPNUH #0380,-2.0799763095821917,101.48459878631452
"POINT (101.48289314936845 -2.0781072112732146)",BNGKO - SPNUH #0381,TOWER SUTT 150kV BNGKO - SPNUH #0381,-2.0781072112732146,101.48289314936845
"POINT (101.48077659247596 -2.075664055769375)",BNGKO - SPNUH #0382,TOWER SUTT 150kV BNGKO - SPNUH #0382,-2.075664055769375,101.48077659247596
"POINT (101.47863554492373 -2.073194203180731)",BNGKO - SPNUH #0383,TOWER SUTT 150kV BNGKO - SPNUH #0383,-2.073194203180731,101.47863554492373
"POINT (101.47536570961695 -2.072823847889461)",BNGKO - SPNUH #0384,TOWER SUTT 150kV BNGKO - SPNUH #0384,-2.072823847889461,101.47536570961695
"POINT (101.4722533151507 -2.0724004134536798)",BNGKO - SPNUH #0385,TOWER SUTT 150kV BNGKO - SPNUH #0385,-2.0724004134536798,101.4722533151507
"POINT (101.46902040173939 -2.072008867270854)",BNGKO - SPNUH #0386,TOWER SUTT 150kV BNGKO - SPNUH #0386,-2.072008867270854,101.46902040173939
"POINT (101.46622759290041 -2.0716051058843736)",BNGKO - SPNUH #0387,TOWER SUTT 150kV BNGKO - SPNUH #0387,-2.0716051058843736,101.46622759290041
"POINT (101.46363574778661 -2.0710435876390045)",BNGKO - SPNUH #0388,TOWER SUTT 150kV BNGKO - SPNUH #0388,-2.0710435876390045,101.46363574778661
"POINT (101.4620038340883 -2.0688622467601165)",BNGKO - SPNUH #0389,TOWER SUTT 150kV BNGKO - SPNUH #0389,-2.0688622467601165,101.4620038340883
"POINT (101.46016044542193 -2.066343105398119)",BNGKO - SPNUH #0390,TOWER SUTT 150kV BNGKO - SPNUH #0390,-2.066343105398119,101.46016044542193
"POINT (101.45840370335874 -2.0640015217782817)",BNGKO - SPNUH #0391,TOWER SUTT 150kV BNGKO - SPNUH #0391,-2.0640015217782817,101.45840370335874
"POINT (101.45664059885816 -2.061586425425421)",BNGKO - SPNUH #0392,TOWER SUTT 150kV BNGKO - SPNUH #0392,-2.0615864254254209373,101.45664059885816
"POINT (101.45520854761813 -2.059938727996092)",BNGKO - SPNUH #0393,TOWER SUTT 150kV BNGKO - SPNUH #0393,-2.059938727996092,101.45520854761813
"POINT (101.45349397324009 -2.0567868184299325)",BNGKO - SPNUH #0394,TOWER SUTT 150kV BNGKO - SPNUH #0394,-2.0567868184299325,101.45349397324009
"POINT (101.45161506719883 -2.0536870090291526)",BNGKO - SPNUH #0395,TOWER SUTT 150kV BNGKO - SPNUH #0395,-2.0536870090291526,101.45161506719883
"POINT (101.45082353730686 -2.0514589251251887)",BNGKO - SPNUH #0396,TOWER SUTT 150kV BNGKO - SPNUH #0396,-2.0514589251251887,101.45082353730686
"POINT (101.44975525799057 -2.0487296991505497)",BNGKO - SPNUH #0397,TOWER SUTT 150kV BNGKO - SPNUH #0397,-2.0487296991505497,101.44975525799057
"POINT (101.44902464589093 -2.0459302143218863)",BNGKO - SPNUH #0398,TOWER SUTT 150kV BNGKO - SPNUH #0398,-2.0459302143218863,101.44902464589093
"POINT (101.44819257867097 -2.043362964503013)",BNGKO - SPNUH #0399,TOWER SUTT 150kV BNGKO - SPNUH #0399,-2.043362964503013,101.44819257867097
"POINT (101.44620583354822 -2.041127037500389)",BNGKO - SPNUH #0400,TOWER SUTT 150kV BNGKO - SPNUH #0400,-2.041127037500389,101.44620583354822
"POINT (101.44511714820113 -2.0385451973998103)",BNGKO - SPNUH #0401,TOWER SUTT 150kV BNGKO - SPNUH #0401,-2.0385451973998103,101.44511714820113
"POINT (101.44437114824544 -2.035179503727727)",BNGKO - SPNUH #0402,TOWER SUTT 150kV BNGKO - SPNUH #0402,-2.035179503727727,101.44437114824544
"POINT (101.44230041652912 -2.0337329409086102)",BNGKO - SPNUH #0403,TOWER SUTT 150kV BNGKO - SPNUH #0403,-2.0337329409086102,101.44230041652912
"POINT (101.43954829228946 -2.0319050797411613)",BNGKO - SPNUH #0404,TOWER SUTT 150kV BNGKO - SPNUH #0404,-2.0319050797411613,101.43954829228946
"POINT (101.43623373346435 -2.030125303470984)",BNGKO - SPNUH #0405,TOWER SUTT 150kV BNGKO - SPNUH #0405,-2.030125303470984,101.43623373346435
"POINT (101.4341359771789 -2.027677358128149)",BNGKO - SPNUH #0406,TOWER SUTT 150kV BNGKO - SPNUH #0406,-2.027677358128149,101.4341359771789
"POINT (101.43253520131113 -2.025810279883539)",BNGKO - SPNUH #0407,TOWER SUTT 150kV BNGKO - SPNUH #0407,-2.025810279883539,101.43253520131113
"POINT (101.43078973051149 -2.025439648423421)",BNGKO - SPNUH #0408,TOWER SUTT 150kV BNGKO - SPNUH #0408,-2.025439648423421,101.43078973051149
"POINT (101.4274906892473 -2.024745626543582)",BNGKO - SPNUH #0409,TOWER SUTT 150kV BNGKO - SPNUH #0409,-2.024745626543582,101.4274906892473
"POINT (101.42433850094673 -2.024150295183166)",BNGKO - SPNUH #0410,TOWER SUTT 150kV BNGKO - SPNUH #0410,-2.024150295183166,101.42433850094673
"POINT (101.42149409512058 -2.0236143737565744)",BNGKO - SPNUH #0411,TOWER SUTT 150kV BNGKO - SPNUH #0411,-2.0236143737565744,101.42149409512058
"POINT (101.41838705110737 -2.0230558408651733)",BNGKO - SPNUH #0412,TOWER SUTT 150kV BNGKO - SPNUH #0412,-2.0230558408651733,101.41838705110737
"POINT (101.4150862999594 -2.0223878826792308)",BNGKO - SPNUH #0413,TOWER SUTT 150kV BNGKO - SPNUH #0413,-2.0223878826792308,101.4150862999594
"POINT (101.41225726757624 -2.0218943932907414)",BNGKO - SPNUH #0414,TOWER SUTT 150kV BNGKO - SPNUH #0414,-2.0218943932907414,101.41225726757624
"POINT (101.40911310480342 -2.022111862589389)",BNGKO - SPNUH #0415,TOWER SUTT 150kV BNGKO - SPNUH #0415,-2.022111862589389,101.40911310480342
"POINT (101.40676364532654 -2.022243699893959)",BNGKO - SPNUH #0416,TOWER SUTT 150kV BNGKO - SPNUH #0416,-2.022243699893959,101.40676364532654
"POINT (101.40442464237684 -2.022425865287885)",BNGKO - SPNUH #0417,TOWER SUTT 150kV BNGKO - SPNUH #0417,-2.022425865287885,101.40442464237684
"POINT (101.40195749700071 -2.02254727017134)",BNGKO - SPNUH #0418,TOWER SUTT 150kV BNGKO - SPNUH #0418,-2.02254727017134,101.40195749700071
"POINT (101.39967524429038 -2.0243412406273196)",BNGKO - SPNUH #0419,TOWER SUTT 150kV BNGKO - SPNUH #0419,-2.0243412406273196,101.39967524429038
"POINT (101.39710963033535 -2.0254574340457503)",BNGKO - SPNUH #0420,TOWER SUTT 150kV BNGKO - SPNUH #0420,-2.0254574340457503,101.39710963033535
"POINT (101.39468341963561 -2.0265287402458605)",BNGKO - SPNUH #0421,TOWER SUTT 150kV BNGKO - SPNUH #0421,-2.0265287402458605,101.39468341963561
"POINT (101.39224504120648 -2.0276513323187895)",BNGKO - SPNUH #0422,TOWER SUTT 150kV BNGKO - SPNUH #0422,-2.0276513323187895,101.39224504120648
"POINT (101.38996856988147 -2.0295428171874166)",BNGKO - SPNUH #0423,TOWER SUTT 150kV BNGKO - SPNUH #0423,-2.0295428171874166,101.38996856988147
"POINT (101.38749638415318 -2.031577568037583)",BNGKO - SPNUH #0424,TOWER SUTT 150kV BNGKO - SPNUH #0424,-2.031577568037583,101.38749638415318
"POINT (101.38561560772361 -2.03331199008972)",BNGKO - SPNUH #0425,TOWER SUTT 150kV BNGKO - SPNUH #0425,-2.03331199008972,101.38561560772361
"POINT (101.38512351550159 -2.0369882090017404)",BNGKO - SPNUH #0426,TOWER SUTT 150kV BNGKO - SPNUH #0426,-2.0369882090017404,101.38512351550159
"POINT (101.38505337924768 -2.039302852549888)",BNGKO - SPNUH #0427,TOWER SUTT 150kV BNGKO - SPNUH #0427,-2.039302852549888,101.38505337924768
"POINT (101.38577596892193 -2.0411936450746913)",BNGKO - SPNUH #0428,TOWER SUTT 150kV BNGKO - SPNUH #0428,-2.0411936450746913,101.38577596892193
"POINT (101.3865442197833 -2.0431167939772514)",BNGKO - SPNUH #0429,TOWER SUTT 150kV BNGKO - SPNUH #0429,-2.0431167939772514,101.3865442197833
"POINT (101.38760359450522 -2.0457492089279716)",BNGKO - SPNUH #0430,TOWER SUTT 150kV BNGKO - SPNUH #0430,-2.0457492089279716,101.38760359450522